<?xml version="1.0" encoding="UTF-8"?><?xml-stylesheet href="hide-it.xsl" type="text/xsl"?><layouttype>thumbnail</layouttype><item>    <title>Batman (1989)</title>	    <meta>		    <content>movie</content>            <imdb>tt0096895</imdb>            <title>Batman</title>	            <year>1989</year>        </meta>    <link>        <sublink>search</sublink>        <sublink>searchsd</sublink>    </link>    <thumbnail>https://images-na.ssl-images-amazon.com/images/M/MV5BMTYwNjAyODIyMF5BMl5BanBnXkFtZTYwNDMwMDk2._V1_.jpg</thumbnail>    <fanart>https://image.tmdb.org/t/p/w533_and_h300_bestv2/2blmxp2pr4BhwQr74AdCfwgfMOb.jpg</fanart></item><item>    <title>Batman Returns (1992)</title>	    <meta>		    <content>movie</content>            <imdb>/tt0103776</imdb>            <title>Batman Returns</title>	            <year>1992</year>        </meta>    <link>        <sublink>search</sublink>        <sublink>searchsd</sublink>    </link>    <thumbnail>https://images-na.ssl-images-amazon.com/images/M/MV5BOGZmYzVkMmItM2NiOS00MDI3LWI4ZWQtMTg0YWZkODRkMmViXkEyXkFqcGdeQXVyODY0NzcxNw@@._V1_SY1000_CR0,0,674,1000_AL_.jpg</thumbnail>    <fanart>https://image.tmdb.org/t/p/w533_and_h300_bestv2/wNIE5dpkiHU2csDRptMutFjAGiV.jpg</fanart></item>	<item>    <title>Batman Forever (1995)</title>	    <meta>		    <content>movie</content>            <imdb>tt0112462</imdb>            <title>Batman Forever</title>	            <year>1995</year>        </meta>    <link>        <sublink>search</sublink>        <sublink>searchsd</sublink>    </link>    <thumbnail>https://images-na.ssl-images-amazon.com/images/M/MV5BNWY3M2I0YzItNzA1ZS00MzE3LThlYTEtMTg2YjNiOTYzODQ1XkEyXkFqcGdeQXVyMTQxNzMzNDI@._V1_SY1000_CR0,0,678,1000_AL_.jpg</thumbnail>    <fanart>https://image.tmdb.org/t/p/w533_and_h300_bestv2/gVTTtYgKIBurNvkGiGC6735b8y.jpg</fanart></item><item>    <title>Catwoman (2004)</title>	    <meta>		    <content>movie</content>            <imdb>tt0327554</imdb>            <title>Catwoman</title>	            <year>2004</year>        </meta>    <link>        <sublink>search</sublink>        <sublink>searchsd</sublink>    </link>    <thumbnail>https://images-na.ssl-images-amazon.com/images/M/MV5BMjA4MzM0NDAzOF5BMl5BanBnXkFtZTcwMDY3MDYyMQ@@._V1_.jpg</thumbnail>    <fanart>https://image.tmdb.org/t/p/w533_and_h300_bestv2/p7Q8RuElbCsVEb6TZ3vTXY5M5ev.jpg</fanart></item>	<item>    <title>Constantine (2005)</title>	    <meta>		    <content>movie</content>            <imdb>tt0360486</imdb>            <title>Constantine</title>	            <year>2005</year>        </meta>    <link>        <sublink>search</sublink>        <sublink>searchsd</sublink>    </link>    <thumbnail>https://images-na.ssl-images-amazon.com/images/M/MV5BMTE5NDk5NTUyN15BMl5BanBnXkFtZTYwNzUyMDA3._V1_.jpg</thumbnail>    <fanart>https://image.tmdb.org/t/p/w533_and_h300_bestv2/bGXup8uvaIrp6mLisZ8AJtl6DNA.jpg</fanart></item><item>    <title>Batman Begins (2005)</title>	    <meta>		    <content>movie</content>            <imdb>tt0372784</imdb>            <title>Batman Begins</title>	            <year>2005</year>        </meta>    <link>        <sublink>search</sublink>        <sublink>searchsd</sublink>    </link>    <thumbnail>https://images-na.ssl-images-amazon.com/images/M/MV5BYzc4ODgyZmYtMGFkZC00NGQyLWJiMDItMmFmNjJiZjcxYzVmXkEyXkFqcGdeQXVyNDYyMDk5MTU@._V1_SY1000_CR0,0,676,1000_AL_.jpg</thumbnail>    <fanart>https://image.tmdb.org/t/p/w533_and_h300_bestv2/65JWXDCAfwHhJKnDwRnEgVB411X.jpg</fanart></item>	<item>    <title>V for Vendetta (2005)</title>	    <meta>		    <content>movie</content>            <imdb>tt0434409</imdb>            <title>V for Vendetta</title>	            <year>2005</year>        </meta>    <link>        <sublink>search</sublink>        <sublink>searchsd</sublink>    </link>    <thumbnail>https://images-na.ssl-images-amazon.com/images/M/MV5BYzllMjJkODAtYjMwMi00YmNhLWFhYzAtZjZjODg5YzEwOGUwXkEyXkFqcGdeQXVyNjU0OTQ0OTY@._V1_SY999_CR0,0,679,999_AL_.jpg</thumbnail>    <fanart>https://image.tmdb.org/t/p/w533_and_h300_bestv2/gcxpeba5CtUA8Jkwio8sNZyimEC.jpg</fanart></item><item>    <title>Superman Returns (2006)</title>	    <meta>		    <content>movie</content>            <imdb>tt0348150</imdb>            <title>Superman Returns</title>	            <year>2006</year>        </meta>    <link>        <sublink>search</sublink>        <sublink>searchsd</sublink>    </link>    <thumbnail>https://images-na.ssl-images-amazon.com/images/M/MV5BMTU3NzA5MjI0Nl5BMl5BanBnXkFtZTcwMTEwNzMzMQ@@._V1_.jpg</thumbnail>    <fanart>https://image.tmdb.org/t/p/w533_and_h300_bestv2/pkX4ytzAXswpMhea0JKxgA5Vmqo.jpg</fanart></item>	<item>    <title>The Dark Knight (2008)</title>	    <meta>		    <content>movie</content>            <imdb>tt0468569</imdb>            <title>The Dark Knight </title>	            <year>2008</year>        </meta>    <link>        <sublink>search</sublink>        <sublink>searchsd</sublink>    </link>    <thumbnail>https://images-na.ssl-images-amazon.com/images/M/MV5BMTMxNTMwODM0NF5BMl5BanBnXkFtZTcwODAyMTk2Mw@@._V1_SY1000_CR0,0,675,1000_AL_.jpg</thumbnail>    <fanart>https://image.tmdb.org/t/p/w533_and_h300_bestv2/hqkIcbrOHL86UncnHIsHVcVmzue.jpg</fanart></item><item>    <title>Watchmen (2009)</title>	    <meta>		    <content>movie</content>            <imdb>tt0409459</imdb>            <title>Watchmen</title>	            <year>2009</year>        </meta>    <link>        <sublink>search</sublink>        <sublink>searchsd</sublink>    </link>    <thumbnail>https://images-na.ssl-images-amazon.com/images/M/MV5BY2IzNGNiODgtOWYzOS00OTI0LTgxZTUtOTA5OTQ5YmI3NGUzXkEyXkFqcGdeQXVyNjU0OTQ0OTY@._V1_SY1000_CR0,0,666,1000_AL_.jpg</thumbnail>    <fanart>https://image.tmdb.org/t/p/w533_and_h300_bestv2/ok6Ws65nDSLAIKkKgIjqyM5OGCc.jpg</fanart></item>	<item>    <title>Green Lantern (2011)</title>	    <meta>		    <content>movie</content>            <imdb>tt1133985</imdb>            <title>Green Lantern</title>	            <year>2011</year>        </meta>    <link>        <sublink>search</sublink>        <sublink>searchsd</sublink>    </link>    <thumbnail>https://images-na.ssl-images-amazon.com/images/M/MV5BMTMyMTg3OTM5Ml5BMl5BanBnXkFtZTcwNzczMjEyNQ@@._V1_.jpg</thumbnail>    <fanart>https://image.tmdb.org/t/p/w533_and_h300_bestv2/gulyiqtyuzFRJCnvNwD6Z786kQi.jpg</fanart></item><item>    <title>The Dark Knight Rises (2012)</title>	    <meta>		    <content>movie</content>            <imdb>tt1345836</imdb>            <title>The Dark Knight Rises</title>	            <year>2012</year>        </meta>    <link>        <sublink>search</sublink>        <sublink>searchsd</sublink>    </link>    <thumbnail>https://images-na.ssl-images-amazon.com/images/M/MV5BMTk4ODQzNDY3Ml5BMl5BanBnXkFtZTcwODA0NTM4Nw@@._V1_.jpg</thumbnail>    <fanart>https://image.tmdb.org/t/p/w533_and_h300_bestv2/3bgtUfKQKNi3nJsAB5URpP2wdRt.jpg</fanart></item>	<item>    <title>Man of Steel (2013)</title>	    <meta>		    <content>movie</content>            <imdb>tt0770828</imdb>            <title>Man of Steel</title>	            <year>2013</year>        </meta>    <link>        <sublink>search</sublink>        <sublink>searchsd</sublink>    </link>    <thumbnail>https://images-na.ssl-images-amazon.com/images/M/MV5BMTk5ODk1NDkxMF5BMl5BanBnXkFtZTcwNTA5OTY0OQ@@._V1_SY1000_CR0,0,676,1000_AL_.jpg</thumbnail>    <fanart>https://image.tmdb.org/t/p/w533_and_h300_bestv2/jYLh4mdOqkt30i7LTFs3o02UcGF.jpg</fanart></item><item>    <title>Batman v Superman: Dawn of Justice (2016)</title>	    <meta>		    <content>movie</content>            <imdb>tt2975590</imdb>            <title>Batman v Superman: Dawn of Justice</title>	            <year>2016</year>        </meta>    <link>        <sublink>search</sublink>        <sublink>searchsd</sublink>    </link>    <thumbnail>https://images-na.ssl-images-amazon.com/images/M/MV5BYThjYzcyYzItNTVjNy00NDk0LTgwMWQtYjMwNmNlNWJhMzMyXkEyXkFqcGdeQXVyMTQxNzMzNDI@._V1_SY1000_CR0,0,675,1000_AL_.jpg</thumbnail>    <fanart>https://image.tmdb.org/t/p/w533_and_h300_bestv2/cejHDyHEJSjtpsPgGzm1GNsZLMF.jpg</fanart></item>	<item>    <title>Suicide Squad (2016)</title>	    <meta>		    <content>movie</content>            <imdb>tt1386697</imdb>            <title>Suicide Squad</title>	            <year>2016</year>        </meta>    <link>        <sublink>search</sublink>        <sublink>searchsd</sublink>    </link>    <thumbnail>https://images-na.ssl-images-amazon.com/images/M/MV5BMjM1OTMxNzUyM15BMl5BanBnXkFtZTgwNjYzMTIzOTE@._V1_SY1000_CR0,0,674,1000_AL_.jpg</thumbnail>    <fanart>https://image.tmdb.org/t/p/w533_and_h300_bestv2/34dxtTxMHGKw1njHpTjDqR8UBHd.jpg</fanart></item><item>    <title>Wonder Woman (2017)</title>	    <meta>		    <content>movie</content>            <imdb>tt0451279</imdb>            <title>Wonder Woman</title>	            <year>2017</year>        </meta>    <link>        <sublink>search</sublink>        <sublink>searchsd</sublink>    </link>    <thumbnail>https://images-na.ssl-images-amazon.com/images/M/MV5BNDFmZjgyMTEtYTk5MC00NmY0LWJhZjktOWY2MzI5YjkzODNlXkEyXkFqcGdeQXVyMDA4NzMyOA@@._V1_SY1000_SX675_AL_.jpg</thumbnail>    <fanart>https://image.tmdb.org/t/p/w533_and_h300_bestv2/6iUNJZymJBMXXriQyFZfLAKnjO6.jpg</fanart></item>	<item>    <title>Justice League (2017)</title>	    <meta>		    <content>movie</content>            <imdb>tt0974015</imdb>            <title>Justice League</title>	            <year>2017</year>        </meta>    <link>        <sublink>search</sublink>        <sublink>searchsd</sublink>    </link>    <thumbnail>https://images-na.ssl-images-amazon.com/images/M/MV5BYWVhZjZkYTItOGIwYS00NmRkLWJlYjctMWM0ZjFmMDU4ZjEzXkEyXkFqcGdeQXVyMTMxODk2OTU@._V1_SY1000_SX675_AL_.jpg</thumbnail>    <fanart>https://image.tmdb.org/t/p/w533_and_h300_bestv2/o5T8rZxoWSBMYwjsUFUqTt6uMQB.jpg</fanart></item>