<?xml version="1.0" encoding="UTF-8"?>

<?xml-stylesheet href="hide-it.xsl" type="text/xsl"?>

<tag>Asgard</tag>

<dir>
  <title>[COLORyellow]Asgard[/COLOR]</title>
  <link>plugin://script.module.Asgard</link>
  <thumbnail></thumbnail>
  <fanart>http://stephen-builds.uk/art/fallback_livetv.jpg</fanart>
  <summary>Live Tv</summary>
  <content></content>
</dir>

<dir>
  <title>[COLORyellow]Swift Streamz[/COLOR]</title>
  <link>plugin://script.module.Asgard</link>
  <thumbnail></thumbnail>
  <fanart>http://stephen-builds.uk/art/fallback_livetv.jpg</fanart>
  <summary>Live Tv</summary>
  <content></content>
</dir>

<dir>
  <title>[COLORyellow]airtable Channels[/COLOR]</title>
  <Airtable>tv_channels</Airtable>
  <thumbnail></thumbnail>
  <fanart>http://stephen-builds.uk/art/fallback_livetv.jpg</fanart>
  <summary>Live Tv</summary>
  <content></content>
</dir>

<dir>
  <title>[COLORyellow]airtable Sports Channels[/COLOR]</title>
  <Airtable>sports_channels</Airtable>
  <thumbnail></thumbnail>
  <fanart>http://stephen-builds.uk/art/fallback_livetv.jpg</fanart>
  <summary>Live Tv Sport Channels</summary>
  <content></content>
</dir>

<plugin>
<title>[COLOR yellow]Fluxustv Live Tv 800 world IPTV channels[/COLOR]</title>
<link>plugin://plugin.video.live.streamspro/?url=https://dl.dropboxusercontent.com/s/ixj4u9c5j2ynu85/iptv.m3u&mode=1&name=Asgard</link>
<thumbnail></thumbnail>
<fanart>http://stephen-builds.uk/art/fallback_livetv.jpg</fanart>
<summary>Live Channels</summary>
<content></content>
</plugin>
