<xml>
  <dir>
    <title>Asgard Movies</title>
    <link>file://movies.xml</link>
  </dir>

  <dir>
  <title>Asgard 4K Movies</title>  
  <link>file://4K Movies.xml</link>
</dir>

  <dir>
    <title>Asgard TV Shows</title>
    <link>file://tv.xml</link>
  </dir>
</xml>

<dir>
   <title>Asgard Live TV (Coming Soon...)</title>
   <link>file://LiveTvAt.xml</link>
</dir>
   
   
<plugin>
<name>Settings</name>
<link>plugin://plugin.video.Asgard/?action=openSettings</link>
<thumbnail></thumbnail>
</plugin>

