<?xml version="1.0" encoding="UTF-8"?>
<?xml-stylesheet href="hide-it.xsl" type="text/xsl"?>

<layouttype>thumbnail</layouttype>
<item>
    <title>Black Panther (2018)</title>
	    <meta>
		    <content>movie</content>
            <imdb>tt1825683</imdb>
            <title>Black Panther</title>	
            <year>2018</year>
        </meta>
    <link>
        <sublink>search</sublink>
        <sublink>searchsd</sublink>
    </link>
    <thumbnail>https://ia.media-imdb.com/images/M/MV5BMTg1MTY2MjYzNV5BMl5BanBnXkFtZTgwMTc4NTMwNDI@._V1_UX182_CR0,0,182,268_AL_.jpg</thumbnail>
    <fanart>https://ia.media-imdb.com/images/M/MV5BMTU3MzI5NDQ1MV5BMl5BanBnXkFtZTgwOTAxNTM2OTE@._V1_.jpg</fanart>
</item>

<item>
    <title>Avengers Infinity War (2018)</title>
	    <meta>
		    <content>movie</content>
            <imdb>tt4154756</imdb>
            <title>Avengers Infinity War</title>	
            <year>2018</year>
        </meta>
    <link>
        <sublink>search</sublink>
        <sublink>searchsd</sublink>
    </link>
    <thumbnail>https://ia.media-imdb.com/images/M/MV5BMjMxNjY2MDU1OV5BMl5BanBnXkFtZTgwNzY1MTUwNTM@._V1_SY1000_CR0,0,674,1000_AL_.jpg</thumbnail>
    <fanart>https://ia.media-imdb.com/images/M/MV5BMTkyMjg5MDI2OV5BMl5BanBnXkFtZTgwODg2Njk5NDM@._V1_SX1777_CR0,0,1777,937_AL_.jpg</fanart>
</item>

<item>
    <title>Iron Man (2008)</title>
	    <meta>
		    <content>movie</content>
            <imdb>tt0371746</imdb>
            <title>Iron Man</title>	
            <year>2008</year>
        </meta>
    <link>
        <sublink>search</sublink>
        <sublink>searchsd</sublink>
    </link>
    <thumbnail>https://images-na.ssl-images-amazon.com/images/M/MV5BMTczNTI2ODUwOF5BMl5BanBnXkFtZTcwMTU0NTIzMw@@._V1_SY1000_CR0,0,674,1000_AL_.jpg</thumbnail>
    <fanart>https://image.tmdb.org/t/p/w533_and_h300_bestv2/ZQixhAZx6fH1VNafFXsqa1B8QI.jpg</fanart>
</item>
<item>
    <title>The Avengers (2012)</title>
	    <meta>
		    <content>movie</content>
            <imdb>tt0848228</imdb>
            <title>The Avengers</title>	
            <year>2012</year>
        </meta>
    <link>
        <sublink>search</sublink>
        <sublink>searchsd</sublink>
    </link>
    <thumbnail>https://images-na.ssl-images-amazon.com/images/M/MV5BMTk2NTI1MTU4N15BMl5BanBnXkFtZTcwODg0OTY0Nw@@._V1_SY1000_CR0,0,675,1000_AL_.jpg</thumbnail>
    <fanart>https://image.tmdb.org/t/p/w533_and_h300_bestv2/hbn46fQaRmlpBuUrEiFqv0GDL6Y.jpg</fanart>
</item>	
<item>
    <title>The Incredible Hulk (2008)</title>
	    <meta>
		    <content>movie</content>
            <imdb>tt0800080</imdb>
            <title>The Incredible Hulk</title>	
            <year>2008</year>
        </meta>
    <link>
        <sublink>search</sublink>
        <sublink>searchsd</sublink>
    </link>
    <thumbnail>https://images-na.ssl-images-amazon.com/images/M/MV5BMTUyNzk3MjA1OF5BMl5BanBnXkFtZTcwMTE1Njg2MQ@@._V1_SY1000_CR0,0,674,1000_AL_.jpg</thumbnail>
    <fanart>https://image.tmdb.org/t/p/w533_and_h300_bestv2/cVpBJxRBIwTjajKQ08TE6BINTEu.jpg</fanart>
</item>
<item>
    <title>Iron Man 2 (2010)</title>
	    <meta>
		    <content>movie</content>
            <imdb>tt1228705</imdb>
            <title>Iron Man 2</title>	
            <year>2010</year>
        </meta>
    <link>
        <sublink>search</sublink>
        <sublink>searchsd</sublink>
    </link>
    <thumbnail>https://images-na.ssl-images-amazon.com/images/M/MV5BMTM0MDgwNjMyMl5BMl5BanBnXkFtZTcwNTg3NzAzMw@@._V1_.jpg</thumbnail>
    <fanart>https://image.tmdb.org/t/p/w533_and_h300_bestv2/jxdSxqAFrdioKgXwgTs5Qfbazjq.jpg</fanart>
</item>

<item>
    <title>Thor (2011)</title>
	    <meta>
		    <content>movie</content>
            <imdb>tt0800369</imdb>
            <title>Thor</title>	
            <year>2011</year>
        </meta>
    <link>
        <sublink>search</sublink>
        <sublink>searchsd</sublink>
    </link>
    <thumbnail>https://images-na.ssl-images-amazon.com/images/M/MV5BOGE4NzU1YTAtNzA3Mi00ZTA2LTg2YmYtMDJmMThiMjlkYjg2XkEyXkFqcGdeQXVyNTgzMDMzMTg@._V1_SY1000_CR0,0,674,1000_AL_.jpg</thumbnail>
    <fanart>https://image.tmdb.org/t/p/w533_and_h300_bestv2/LvmmDZxkTDqp0DX7mUo621ahdX.jpg</fanart>
</item>	

<item>
    <title>Captain America: The First Avenger (2011)</title>
	    <meta>
		    <content>movie</content>
            <imdb>tt0458339</imdb>
            <title>Captain America: The First Avenger</title>	
            <year>2011</year>
        </meta>
    <link>
        <sublink>search</sublink>
        <sublink>searchsd</sublink>
    </link>
    <thumbnail>https://images-na.ssl-images-amazon.com/images/M/MV5BMTYzOTc2NzU3N15BMl5BanBnXkFtZTcwNjY3MDE3NQ@@._V1_SY1000_CR0,0,640,1000_AL_.jpg</thumbnail>
    <fanart>https://image.tmdb.org/t/p/w533_and_h300_bestv2/pmZtj1FKvQqISS6iQbkiLg5TAsr.jpg</fanart>
</item>	

<item>
    <title>Avengers Assemble (2012)</title>
	    <meta>
		    <content>movie</content>
            <imdb>tt0848228</imdb>
            <title>Avengers Assemble</title>	
            <year>2012</year>
        </meta>
    <link>
        <sublink>search</sublink>
        <sublink>searchsd</sublink>
    </link>
    <thumbnail>https://images-na.ssl-images-amazon.com/images/M/MV5BMTk2NTI1MTU4N15BMl5BanBnXkFtZTcwODg0OTY0Nw@@._V1_SY1000_CR0,0,675,1000_AL_.jpg</thumbnail>
    <fanart>https://image.tmdb.org/t/p/w533_and_h300_bestv2/hbn46fQaRmlpBuUrEiFqv0GDL6Y.jpg</fanart>
</item>	
<item>
    <title>Iron Man 3 (2013)</title>
	    <meta>
		    <content>movie</content>
            <imdb>tt1300854</imdb>
            <title>Iron Man 3</title>	
            <year>2013</year>
        </meta>
    <link>
        <sublink>search</sublink>
        <sublink>searchsd</sublink>
    </link>
    <thumbnail>https://images-na.ssl-images-amazon.com/images/M/MV5BMTkzMjEzMjY1M15BMl5BanBnXkFtZTcwNTMxOTYyOQ@@._V1_SY1000_SX700_AL_.jpg</thumbnail>
    <fanart>https://image.tmdb.org/t/p/w533_and_h300_bestv2/tNww0oTzn5hf7EgDIqnfpEbEVG4.jpg</fanart>
</item>	
<item>
    <title>Thor: The Dark World (2013)</title>
	    <meta>
		    <content>movie</content>
            <imdb>tt1981115</imdb>
            <title>Thor: The Dark World</title>	
            <year>2013</year>
        </meta>
    <link>
        <sublink>search</sublink>
        <sublink>searchsd</sublink>
    </link>
    <thumbnail>https://images-na.ssl-images-amazon.com/images/M/MV5BMTQyNzAwOTUxOF5BMl5BanBnXkFtZTcwMTE0OTc5OQ@@._V1_SY1000_SX700_AL_.jpg</thumbnail>
    <fanart>https://image.tmdb.org/t/p/w533_and_h300_bestv2/3FweBee0xZoY77uO1bhUOlQorNH.jpg</fanart>
</item>	

<item>
    <title>Captain America: The Winter Soldier (2014)</title>
	    <meta>
		    <content>movie</content>
            <imdb>tt1843866</imdb>
            <title>Captain America: The Winter Soldier</title>	
            <year>2014</year>
        </meta>
    <link>
        <sublink>search</sublink>
        <sublink>searchsd</sublink>
    </link>
    <thumbnail>https://images-na.ssl-images-amazon.com/images/M/MV5BMjM2NzUzNzQwNl5BMl5BanBnXkFtZTgwMDQ1MDkwMTE@._V1_SY1000_CR0,0,674,1000_AL_.jpg</thumbnail>
    <fanart>https://image.tmdb.org/t/p/w533_and_h300_bestv2/4qfXT9BtxeFuamR4F49m2mpKQI1.jpg</fanart>
</item>	
<item>
    <title>Guardians of the Galaxy (2014)</title>
	    <meta>
		    <content>movie</content>
            <imdb>tt2015381</imdb>
            <title>Guardians of the Galaxy</title>	
            <year>2014</year>
        </meta>
    <link>
        <sublink>search</sublink>
        <sublink>searchsd</sublink>
    </link>
    <thumbnail>https://images-na.ssl-images-amazon.com/images/M/MV5BMTAwMjU5OTgxNjZeQTJeQWpwZ15BbWU4MDUxNDYxODEx._V1_SY1000_CR0,0,674,1000_AL_.jpg</thumbnail>
    <fanart>https://image.tmdb.org/t/p/w533_and_h300_bestv2/bHarw8xrmQeqf3t8HpuMY7zoK4x.jpg</fanart>
</item>	
<item>
    <title>Avengers: Age of Ultron (2015)</title>
	    <meta>
		    <content>movie</content>
            <imdb>tt2395427</imdb>
            <title>Avengers: Age of Ultron</title>	
            <year>2015</year>
        </meta>
    <link>
        <sublink>search</sublink>
        <sublink>searchsd</sublink>
    </link>
    <thumbnail>https://images-na.ssl-images-amazon.com/images/M/MV5BMTM4OGJmNWMtOTM4Ni00NTE3LTg3MDItZmQxYjc4N2JhNmUxXkEyXkFqcGdeQXVyNTgzMDMzMTg@._V1_SY1000_SX675_AL_.jpg</thumbnail>
    <fanart>https://image.tmdb.org/t/p/w533_and_h300_bestv2/rFtsE7Lhlc2jRWF7SRAU0fvrveQ.jpg</fanart>
</item>
<item>
    <title>Ant-Man (2015)</title>
	    <meta>
		    <content>movie</content>
            <imdb>tt0478970</imdb>
            <title>Ant-Man</title>	
            <year>2015</year>
        </meta>
    <link>
        <sublink>search</sublink>
        <sublink>searchsd</sublink>
    </link>
    <thumbnail>https://images-na.ssl-images-amazon.com/images/M/MV5BMjM2NTQ5Mzc2M15BMl5BanBnXkFtZTgwNTcxMDI2NTE@._V1_.jpg</thumbnail>
    <fanart>https://image.tmdb.org/t/p/w533_and_h300_bestv2/kvXLZqY0Ngl1XSw7EaMQO0C1CCj.jpg</fanart>
</item>	
<item>
    <title>Captain America: Civil War (2016)</title>
	    <meta>
		    <content>movie</content>
            <imdb>tt3498820</imdb>
            <title>Captain America: Civil War</title>	
            <year>2016</year>
        </meta>
    <link>
        <sublink>search</sublink>
        <sublink>searchsd</sublink>
    </link>
    <thumbnail>https://images-na.ssl-images-amazon.com/images/M/MV5BMjQ0MTgyNjAxMV5BMl5BanBnXkFtZTgwNjUzMDkyODE@._V1_SY1000_CR0,0,674,1000_AL_.jpg</thumbnail>
    <fanart>https://image.tmdb.org/t/p/w533_and_h300_bestv2/m5O3SZvQ6EgD5XXXLPIP1wLppeW.jpg</fanart>
</item>	
<item>
    <title>Doctor Strange (2016)</title>
	    <meta>
		    <content>movie</content>
            <imdb>tt1211837</imdb>
            <title>Doctor Strange</title>	
            <year>2016</year>
        </meta>
    <link>
        <sublink>search</sublink>
        <sublink>searchsd</sublink>
    </link>
    <thumbnail>https://images-na.ssl-images-amazon.com/images/M/MV5BNjgwNzAzNjk1Nl5BMl5BanBnXkFtZTgwMzQ2NjI1OTE@._V1_SY1000_CR0,0,674,1000_AL_.jpg</thumbnail>
    <fanart>https://image.tmdb.org/t/p/w533_and_h300_bestv2/tFI8VLMgSTTU38i8TIsklfqS9Nl.jpg</fanart>
</item>	
<item>
    <title>Guardians of the Galaxy: Vol. 2 (2017)</title>
	    <meta>
		    <content>movie</content>
            <imdb>tt3896198</imdb>
            <title>Guardians of the Galaxy</title>	
            <year>2017</year>
        </meta>
    <link>
        <sublink>search</sublink>
        <sublink>searchsd</sublink>
    </link>
    <thumbnail>https://images-na.ssl-images-amazon.com/images/M/MV5BMTg2MzI1MTg3OF5BMl5BanBnXkFtZTgwNTU3NDA2MTI@._V1_SY1000_CR0,0,674,1000_AL_.jpg</thumbnail>
    <fanart>https://image.tmdb.org/t/p/w533_and_h300_bestv2/aJn9XeesqsrSLKcHfHP4u5985hn.jpg</fanart>
</item>	
<item>
    <title>Spider-Man Homecoming (2017)</title>
	    <meta>
		    <content>movie</content>
            <imdb>tt2250912</imdb>
            <title>Spider-Man Homecoming</title>	
            <year>2017</year>
        </meta>
    <link>
        <sublink>search</sublink>
        <sublink>searchsd</sublink>
    </link>
    <thumbnail>https://images-na.ssl-images-amazon.com/images/M/MV5BNTk4ODQ1MzgzNl5BMl5BanBnXkFtZTgwMTMyMzM4MTI@._V1_SY1000_CR0,0,658,1000_AL_.jpg</thumbnail>
    <fanart>https://image.tmdb.org/t/p/w533_and_h300_bestv2/vc8bCGjdVp0UbMNLzHnHSLRbBWQ.jpg</fanart>
</item>	
<item>
    <title>Thor: Ragnarok (2017)</title>
	    <meta>
		    <content>movie</content>
            <imdb>tt3501632</imdb>
            <title>Thor: Ragnarok</title>	
            <year>2017</year>
        </meta>
    <link>
        <sublink>search</sublink>
        <sublink>searchsd</sublink>
    </link>
    <thumbnail>https://images-na.ssl-images-amazon.com/images/M/MV5BMjMyNDkzMzI1OF5BMl5BanBnXkFtZTgwODcxODg5MjI@._V1_SY1000_CR0,0,674,1000_AL_.jpg</thumbnail>
    <fanart>https://image.tmdb.org/t/p/w533_and_h300_bestv2/5wNUJs23rT5rTBacNyf5h83AynM.jpg</fanart>
</item>	
