<dir>
  <title>Trending Movies</title>
  <trakt>https://api.trakt.tv/movies/trending</trakt>
</dir>

<dir>
  <title>Popular Movies</title>
  <trakt>https://api.trakt.tv/movies/popular</trakt>
</dir>

<dir>
  <title>Movie Watchlist</title>
  <trakt>https://api.trakt.tv/sync/watchlist/movies</trakt>
</dir>

<dir>
  <title>Movie Collection</title>
  <trakt>https://api.trakt.tv/sync/collection/movies</trakt>
</dir>

<dir>
  <title>Popular Movies</title>
  <tmdb>movies/popular</tmdb>
</dir>
<dir>
  <title>Now Playing</title>
  <tmdb>movies/now_playing</tmdb>
</dir>

<dir>
  <title>Top Rated</title>
  <tmdb>movies/top_rated</tmdb>
</dir>

<dir>
  <title>Action Movies</title>
  <tmdb>genre/movies/28</tmdb>
</dir>

<dir>
    <title>Horror Movies</title>
	<link>file://Horror Movies.xml</link>
</dir>	

<dir>
    <title>DC Universe</title>
	<link>file://DC Movies.xml</link>
</dir>	

<dir>
   <title>Marvel Universe</title>
   <link>file://Marvel movies.xml</link>
</dir>

<dir>
  <title>Star Wars Collection</title>
  <tmdb>collection/10</tmdb>
</dir>

<dir>
  <title>Search Movies</title>
  <tmdb>search</tmdb>
</dir>
