Premier League Channels from The Kodi Pirate

<item>
    <title>***These Channels Sometimes Play Premier League Games***</title>
    <link></link>
	<thumbnail></thumbnail>
</item>	

<item>
    <title>Sky Sports Main Event</title>
    <link>http://play.uktvnow.net:8081/live/skysports-maineventz.stream/chunks.m3u8?nimblesessionid=42268401&wmsAuthSign=c2VydmVyX3RpbWU9NS8xMC8yMDE4IDEwOjIwOjE4IEFNJmhhc2hfdmFsdWU9OUsyWjhWcFIxcUhJRXBmMm9BTG9rQT09JnZhbGlkbWludXRlcz0yMA==</link>
	<thumbnail>https://www.skymedia.co.uk/wp-content/uploads/2017/07/Sky-Sports-MAIN-EVENT-pic-770x431.jpg</thumbnail>
</item>	

<item>
    <title>Sky Sports Premier League</title>
    <link>http://play.uktvnow.net:8081/live/skysports-premier-league.stream/chunks.m3u8?nimblesessionid=42367766&wmsAuthSign=c2VydmVyX3RpbWU9NS8xMC8yMDE4IDEwOjI1OjI1IEFNJmhhc2hfdmFsdWU9TDBGdUd0SEN6Y09oUWg4WGV3QnJHQT09JnZhbGlkbWludXRlcz0yMA==</link>
	<thumbnail>http://ksassets.timeincuk.net/wp/uploads/sites/54/2017/08/Premier-League-returns-to-Sky-Sports.jpg</thumbnail>
</item>

<item>
    <title>Sky Sports Football</title>
    <link>http://play.uktvnow.net:8081/live/skysports-football.stream/chunks.m3u8?nimblesessionid=42424923&wmsAuthSign=c2VydmVyX3RpbWU9NS8xMC8yMDE4IDEwOjI4OjA0IEFNJmhhc2hfdmFsdWU9YUV5UEo0QThadU1nVDI1Q0xJQmxVZz09JnZhbGlkbWludXRlcz0yMA==</link>
	<thumbnail>https://media.info/i/lf/900/1507600241/6752.png</thumbnail>
</item>

<item>
    <title>Sky Sports News</title>
    <link>http://play.uktvnow.net:8081/live/skysportsnews.stream/chunks.m3u8?nimblesessionid=42466088&wmsAuthSign=c2VydmVyX3RpbWU9NS8xMC8yMDE4IDEwOjMwOjAyIEFNJmhhc2hfdmFsdWU9bWordVJXY0hQSDNMQXdZck0zT2ZjUT09JnZhbGlkbWludXRlcz0yMA==</link>
	<thumbnail>http://img.skysports.com/15/05/768x432/J0dWUydTo6jDEOD36TndmN-xKiRJGebC.jpg?20160323143409</thumbnail>
</item>

<item>
    <title>BT Sports 1HD</title>
	<link>http://163.172.220.115:8080/bt/btsp1/index.m3u8</link>
	<thumbnail>http://i.imgur.com/F2R303x.png<thumbnail>
</item>	

<item>
    <title>BT Sports 2HD</title>
	<link>http://163.172.220.115:8080/bt/btsp2/index.m3u8</link>
	<thumbnail>https://www.thelogodb.com/images/media/logo/vsuvvu1433963716.png<thumbnail>
</item>

<item>
    <title>BT Sports 3HD</title>
	<link>http://163.172.220.115:8080/bt/btsp3/index.m3u8</link>
	<thumbnail>https://archive.org/services/img/BtSport3Hd<thumbnail>
</item>

<item>
    <title>NBCSN</title>
	<link>http://185.21.217.29:9100/ape/ncbsn/chunks.m3u8?nimblesessionid=20608730&wmsAuthSign=c2VydmVyX3RpbWU9NS8xMC8yMDE4IDEwOjMxOjUyIEFNJmhhc2hfdmFsdWU9MjhEeXdyZ2NCcmtzblhDMndKc0lTQT09JnZhbGlkbWludXRlcz0y</link>
	<thumbnail>http://running.competitor.com/files/2016/03/NBCSN-logo-800x450.jpg<thumbnail>
</item>

<item>
    <title>MUTV HD</title>
	<link>http://185.21.216.167:8554/fox/MUTV/chunks.m3u8?nimblesessionid=14683687&wmsAuthSign=c2VydmVyX3RpbWU9NS8xMC8yMDE4IDEwOjM0OjA1IEFNJmhhc2hfdmFsdWU9L3Vtc3V4RHFZOEN1V3NHMndQRGI3QT09JnZhbGlkbWludXRlcz0y</link>
	<thumbnail>http://www.manutd.com/~/media/1ED4978692B04CB1B264C4FAFC8340E5.ashx</thumbnail>
</item>

<item>
    <title>Fox Sports 1HD</title>
	<link>http://play.uktvnow.net:8081/live/foxsports1.stream/chunks.m3u8?nimblesessionid=42584612&wmsAuthSign=c2VydmVyX3RpbWU9NS8xMC8yMDE4IDEwOjM1OjU2IEFNJmhhc2hfdmFsdWU9SnVCQ1dzTm1OQ1dLL29URm5ySGd0Zz09JnZhbGlkbWludXRlcz0yMA==</link>
	<thumbnail>https://vignette.wikia.nocookie.net/logosfake/images/4/4a/Fox_Sports_1_HD.png/revision/latest?cb=20140415151108<thumbnail>
</item>

<item>
    <title>Bein Sports 11HD (English)</title>
	<link>http://163.172.220.115:8080/bein/beinsp11/index.m3u8</link>
	<thumbnail>https://tse4.mm.bing.net/th?id=OIP.VWfw_iWtFTk_O1eloAleNgHaD4&w=300&h=157&c=7&o=5&pid=1.7</thumbnail>
	<description>Very popoular sports Channel</description>
</item>	

<item>
    <title>****Other Sports Channels****</title>
	<link></link>
</item>

<item>
    <title>Sky Sports Cricket</title>
    <link>http://185.21.216.152:8554/live/sks2/chunks.m3u8?nimblesessionid=7340121&wmsAuthSign=c2VydmVyX3RpbWU9NS8xMC8yMDE4IDk6MjU6MDEgQU0maGFzaF92YWx1ZT1PRFphb3pCamtSemV6ZjNYM0RBcnRRPT0mdmFsaWRtaW51dGVzPTI=</link>
    <thumbnail>http://tvbd.live/wp-content/uploads/2017/08/sky-cricket.png</thumbnail>
    <description>Live Cricket Games</description>
</item>	