<dir>
  <title>Trending Shows</title>
  <trakt>https://api.trakt.tv/shows/trending</trakt>
</dir>

<xml>
   <dir>
    <title>Genres</title>
    <link>file://Tv Genre Shows.xml</link>
   </dir>	
  
<dir>
  <title>Popular Shows</title>
  <trakt>https://api.trakt.tv/shows/popular</trakt>
</dir>

<dir>
  <title>TV Watchlist</title>
  <trakt>https://api.trakt.tv/sync/watchlist/shows</trakt>
</dir>

<dir>
  <title>TV Collection</title>
  <trakt>https://api.trakt.tv/sync/collection/shows</trakt>
</dir>

<dir>
  <title>Popular TV Shows</title>
  <tmdb>tv/popular</tmdb>
</dir>

<dir>
  <title>Top Rated</title>
  <tmdb>tv/top_rated</tmdb>
</dir>

<dir>
  <title>Airing Today</title>
  <tmdb>tv/today</tmdb>
</dir>

<dir>
  <title>Animation Shows</title>
  <tmdb>genre/shows/16</tmdb>
</dir>

<dir>
  <title>Search TV Shows</title>
  <trakt>search</trakt>
</dir>